MAE,RMSE,MSE,R2
0.6388962441907272,1.153144923044542,1.329743213543403,0.6018327012020819
