model,MAE,RMSE,R2
RandomForest,0.8272588139139458,1.5712328072726558,0.11059107671888468
MLP,1.957611082063532,2.2705523033242834,-0.8573058483261382
